annotation_id,resource_id,original_id,split,has_image,suggested_missing_type,candidate_reason,human_label,label_confidence,label_note,subject,topic,topic_count,topic_missing_rate,skill,skill_count,skill_missing_rate,grade,category,question,choices,answer,hint,lecture,solution,text_length,word_count
mt0151,r019161,r019161,test,0,structural_absence_candidate,has_image=0 and topic/skill missing_rate >= 0.9,,,,social science,economics,682,0.563049853372434,Goods and services,79,1.0,grade2,Economics,Is fixing a computer a good or a service?,a service | a good,0,,"Everything you can buy is either a good or a service. A good is something you can touch or hold in your hands. For example, a hammer is a good. A service is a job you pay someone else to do. For example, cooking food in a restaurant is a service.","To decide whether fixing a computer is a good or a service, ask these questions: Is fixing a computer something you can touch? No. Is fixing a computer a job you might pay someone else to do? Yes. So, fixing a computer is a service.",546,109
mt0152,r020573,r020573,test,0,structural_absence_candidate,has_image=0 and topic/skill missing_rate >= 0.9,,,,natural science,chemistry,1194,0.5510887772194305,Identify elementary substances and compounds using chemical formulas,25,1.0,grade5,Atoms and molecules,Select the elementary substance.,krypton (Kr) | potassium nitrate (KNO3) | sulfur dioxide (SO2),0,,"Every substance around you is made of one or more chemical elements, or types of atoms. Substances that are made of only one chemical element are elementary substances. Substances that are made of two or more chemical elements bonded together are compounds. Every chemical element is represented by its own symbol. For some elements, the symbol is one capital letter. For other elements, the symbol is one capital letter and one lowercase letter. For example, the symbol for the element fluorine is F, and the symbol for the element beryllium is Be. The symbol for each element in a substance is shown in the substance's chemical formula. An elementary substance is represented by a chemical formu...","Look at the chemical formula for each substance, and count the number of symbols in the formula. Then, decide if the substance is an elementary substance. The chemical formula for sulfur dioxide contains two symbols: S for sulfur and O for oxygen. So, sulfur dioxide is made of two chemical elements bonded together. Substances that are made of two or more chemical elements bonded together are compounds. So, sulfur dioxide is a compound, not an elementary substance. The chemical formula for krypton contains one symbol: Kr. So, krypton is made of one chemical element. Substances that are made of one chemical element are elementary substances. So, krypton is an elementary substance. The chemi...",2909,473
mt0153,r002715,r002715,train,1,observed_reference,has_image=1 reference sample for calibration,,,,social science,geography,2956,0.0040595399188092,Identify state capitals of the Southeast,298,0.0,grade5,State capitals,What is the capital of Oklahoma?,Oklahoma City | Tulsa | Tallahassee | Frankfort,0,,,Oklahoma City is the capital of Oklahoma.,131,18
mt0154,r002731,r002731,train,0,structural_absence_candidate,has_image=0 and topic/skill missing_rate >= 0.9,,,,natural science,biology,4098,0.486822840409956,Identify animals with and without backbones,53,1.0,grade2,Classification,Select the animal that does not have a backbone.,luna moth | American crocodile,0,"Hint: Insects, spiders, and worms do not have backbones.","Some animals have a backbone. The backbone is made of many bones in an animal's back. An animal's backbone helps connect the different parts of its body. In the drawings below, each animal's backbone is colored orange. Other animals do not have a backbone. In fact, these animals don't have any bones! Some animals without backbones have a hard outer cover. Other animals have a soft body.","An American crocodile is a reptile. Like other reptiles, an American crocodile has a backbone. A luna moth is an insect. Like other insects, a luna moth does not have a backbone. It has a hard outer cover.",737,127
mt0155,r007795,r007795,train,0,structural_absence_candidate,has_image=0 and topic/skill missing_rate >= 0.9,,,,language science,figurative-language,1260,1.0,Classify the figure of speech: review,82,1.0,grade11,Literary devices,"Which figure of speech is used in this text? Patience is bitter, but its fruit is sweet! —Jean-Jacques Rousseau, Julie, or the New Heloise",antithesis | anaphora,0,,"Figures of speech are words or phrases that use language in a nonliteral or unusual way. They can make writing more expressive. Anaphora is the repetition of the same word or words at the beginning of several phrases or clauses. We are united. We are powerful. We are winners. Antithesis involves contrasting opposing ideas within a parallel grammatical structure. I want to help, not to hurt. Apostrophe is a direct address to an absent person or a nonhuman entity. Oh, little bird, what makes you sing so beautifully? Assonance is the repetition of a vowel sound in a series of nearby words. Try to light the fire. Chiasmus is an expression in which the second half parallels the first but rever...","The text uses antithesis, the contrasting of opposing ideas within a parallel grammatical structure. Rousseau contrasts two parallel clauses, patience is bitter and fruit is sweet.",1845,313
mt0156,r000891,r000891,train,0,ambiguous_missing_candidate,"has_image=0 and topic/skill missing_rate in [0.35, 0.65] or fallback",,,,natural science,biology,4098,0.486822840409956,"Identify mammals, birds, fish, reptiles, and amphibians",342,0.2192982456140351,grade5,Classification,Select the fish.,humpback whale | piranha | zebra | gharial,1,,"Fish live underwater. They have fins, not limbs.","A gharial is a reptile. It has scaly, waterproof skin. Gharials are a type of crocodile. Gharials live near rivers and eat fish. A zebra is a mammal. It has hair and feeds its young milk. Zebras eat mostly grass. But they sometimes eat other types of plants, such as shrubs or tree bark. A humpback whale is a mammal. It has hair and feeds its young milk. Whales are mammals that live in the ocean. Humpback whales have small hairs that grow from bumps around their mouth. A piranha is a fish. It lives underwater. It has fins, not limbs. Piranhas have sharp teeth. Piranhas hunt in groups. A group of piranhas can eat a large animal.",751,134
mt0157,r016332,r016332,validation,0,structural_absence_candidate,has_image=0 and topic/skill missing_rate >= 0.9,,,,natural science,chemistry,1194,0.5510887772194305,Classify elementary substances and compounds using chemical formulas,82,1.0,grade5,Atoms and molecules,Complete the statement. Methane is ().,an elementary substance | a compound,1,"Methane is the main component of natural gas, which is used in homes for heating and cooking. The chemical formula for methane is CH4.","Every substance around you is made of one or more chemical elements, or types of atoms. Substances that are made of only one chemical element are elementary substances. Substances that are made of two or more chemical elements bonded together are compounds. Every chemical element is represented by its own symbol. For some elements, the symbol is one capital letter. For other elements, the symbol is one capital letter and one lowercase letter. For example, the symbol for the element fluorine is F, and the symbol for the element beryllium is Be. The symbol for each element in a substance is shown in the substance's chemical formula. An elementary substance is represented by a chemical formu...","You can tell whether methane is an elementary substance or a compound by counting the number of symbols in its chemical formula. A symbol contains either one capital letter or a capital letter followed by one or two lowercase letters. The chemical formula for methane is CH4. This formula contains two symbols: C for carbon and H for hydrogen. So, the formula tells you that methane is made of two chemical elements bonded together. Substances made of two or more chemical elements bonded together are compounds. So, methane is a compound.",2527,422
mt0158,r013821,r013821,validation,0,ambiguous_missing_candidate,"has_image=0 and topic/skill missing_rate in [0.35, 0.65] or fallback",,,,natural science,biology,4098,0.486822840409956,"Identify mammals, birds, fish, reptiles, and amphibians",342,0.2192982456140351,grade5,Classification,Select the reptile.,Hermann's tortoise | bottlenose dolphin | zebra | European green toad,0,,"Reptiles have scaly, waterproof skin. Most reptiles live on land.","A European green toad is an amphibian. It has moist skin and begins its life in water. Toads do not have teeth! They swallow their food whole. A bottlenose dolphin is a mammal. It has hair and feeds its young milk. Dolphins may look like sharks or other fish, but they are mammals! When a baby dolphin is born, it has hair around its jaw. This hair falls out as the dolphin grows. A Hermann's tortoise is a reptile. It has scaly, waterproof skin. A tortoise's shell protects it from predators. When a tortoise feels threatened, it can pull its head and legs inside its shell. A zebra is a mammal. It has hair and feeds its young milk. Zebras eat mostly grass. But they sometimes eat other types of...",898,158
mt0159,r007228,r007228,train,0,structural_absence_candidate,has_image=0 and topic/skill missing_rate >= 0.9,,,,language science,reference-skills,724,1.0,Use guide words,697,1.0,grade3,Reference skills,Which word would you find on a dictionary page with the following guide words? weary - win,wonder | whale,1,,"Guide words appear on each page of a dictionary. They tell you the first word and last word on the page. The other words on the page come between the guide words in alphabetical order. To put words in alphabetical order, put them in order by their first letters. If the first letters are the same, look at the second letters. If the second letters are the same, look at the third letters, and so on. If one word is shorter, and there are no more letters to compare, then the shorter word comes first in alphabetical order. For example, be comes before bed.","Put the words in alphabetical order. Since whale is between the guide words weary - win, it would be found on that page.",789,146
mt0160,r013861,r013861,validation,0,structural_absence_candidate,has_image=0 and topic/skill missing_rate >= 0.9,,,,language science,reference-skills,724,1.0,Use guide words,697,1.0,grade4,Reference skills,Which word would you find on a dictionary page with the following guide words? galleon - glorious,gently | goose,0,,"Guide words appear on each page of a dictionary. They tell you the first word and last word on the page. The other words on the page come between the guide words in alphabetical order. To put words in alphabetical order, put them in order by their first letters. If the first letters are the same, look at the second letters. If the second letters are the same, look at the third letters, and so on. If one word is shorter, and there are no more letters to compare, then the shorter word comes first in alphabetical order. For example, be comes before bed.","Put the words in alphabetical order. Since gently is between the guide words galleon - glorious, it would be found on that page.",804,146
mt0161,r012063,r012063,train,0,structural_absence_candidate,has_image=0 and topic/skill missing_rate >= 0.9,,,,language science,grammar,379,1.0,"Is the sentence simple, compound, complex, or compound-complex?",134,1.0,grade8,Phrases and clauses,"Which type of sentence is this? As Luca sat down on the rickety old chair, it abruptly collapsed beneath him.",simple | compound-complex | compound | complex,3,,"A clause is a group of words that contains both a subject and a predicate. An independent clause is a complete thought that can stand alone as a sentence. A dependent clause (or subordinate clause) is not a complete thought and cannot stand alone as a sentence. the oranges on our tree are ripe The clause can stand alone. It is independent. after we pick up Kevin from work The clause cannot stand alone. It is dependent. A simple sentence is made up of a single independent clause. Ben and I spent all day relaxing by the pool. Some simple sentences have introductory phrases, but the introductory phrase is part of the predicate. In the winter, Ben usually wears his heavy coat. Ben usually wea...","The sentence is complex. It is made up of an independent clause and a dependent clause. The dependent clause begins with the subordinating conjunction as. As Luca sat down on the rickety old chair, it abruptly collapsed beneath him.",2212,373
mt0162,r017803,r017803,test,0,structural_absence_candidate,has_image=0 and topic/skill missing_rate >= 0.9,,,,language science,figurative-language,1260,1.0,Recall the source of an allusion,337,1.0,grade7,Literary devices,What is the source of the allusion in the sentence below? Christina told her friends that Devin was a typical Peter Pan type.,literature | a song,0,,"An allusion is a brief mention of something or someone well known, often from mythology, history, or literature. An allusion lets you reference ideas from an entire story in just a few words. ""I'd better get home before I turn into a pumpkin!"" Lila remarked. Here, Lila alludes to the fairy tale ""Cinderella,"" in which Cinderella must leave the ball before the coach that brought her transforms into a pumpkin. The allusion shows that Lila must depart immediately.","The source of the allusion Peter Pan is literature. In a J. M. Barrie novel, the character Peter Pan retreats to Neverland and refuses to grow up. The allusion Peter Pan means a person who won't take on adult responsibilities.",843,144
mt0163,r007271,r007271,train,0,structural_absence_candidate,has_image=0 and topic/skill missing_rate >= 0.9,,,,language science,vocabulary,162,0.8518518518518519,What am I?,34,1.0,grade1,Comprehension strategies,Answer the riddle. I live on a farm. I may be black and white. You can get milk from me. What am I?,a cow | a turtle,0,,,A cow lives on a farm. A cow may be black and white. You can get milk from a cow.,205,47
mt0164,r006529,r006529,train,0,structural_absence_candidate,has_image=0 and topic/skill missing_rate >= 0.9,,,,language science,figurative-language,1260,1.0,Recall the source of an allusion,337,1.0,grade7,Literary devices,What is the source of the allusion in the sentence below? Ling had her fifteen minutes when her video of kayaking with dolphins went viral.,modern history | a song,0,,"An allusion is a brief mention of something or someone well known, often from mythology, history, or literature. An allusion lets you reference ideas from an entire story in just a few words. ""I'd better get home before I turn into a pumpkin!"" Lila remarked. Here, Lila alludes to the fairy tale ""Cinderella,"" in which Cinderella must leave the ball before the coach that brought her transforms into a pumpkin. The allusion shows that Lila must depart immediately.","The source of the allusion fifteen minutes is modern history. In a catalog that accompanied an exhibit of his work, pop artist Andy Warhol said, ""In the future, everybody will be world-famous for fifteen minutes,"" meaning that fame would be briefly available even to those who did nothing spectacular. The allusion fifteen minutes means a temporary moment of celebrity status.",1011,167
mt0165,r011879,r011879,train,0,accidental_missing_candidate,has_image=0 but reliable topic/skill missing_rate <= 0.2; check sparse skill stats manually,,,,social science,geography,2956,0.0040595399188092,"Compare urban, suburban, and rural areas",12,1.0,grade2,Geography,Which kind of place has more restaurants?,a rural area | an urban area,1,,"People around the world live in three main kinds of places: urban areas, suburban areas, and rural areas. An urban area is a city. It has many people and businesses. The buildings are close to each other. The buildings are often tall and have many floors. Since there are so many people, traffic is usually bad. People will walk or take the bus, train, or subway to avoid traffic. A suburban area, or suburb, is near a city. It is quieter and less crowded than an urban area. People usually live in houses with yards. Most people drive to get places. A rural area is less crowded than both urban and suburban areas. Houses are much more spread out. People usually have to drive to get places. Peop...",Urban areas have more restaurants. There are more people and businesses in urban areas than in rural areas.,1157,216
mt0166,r002630,r002630,train,1,observed_reference,has_image=1 reference sample for calibration,,,,natural science,physics,3215,0.3150855365474339,Identify how particle motion affects temperature and pressure,277,0.0,grade8,Particle motion and energy,Compare the average kinetic energies of the particles in each sample. Which sample has the higher temperature?,neither; the samples have the same temperature | sample B | sample A,2,"The diagrams below show two pure samples of gas in identical closed, rigid containers. Each colored ball represents one gas particle. Both samples have the same number of particles.","The temperature of a substance depends on the average kinetic energy of the particles in the substance. The higher the average kinetic energy of the particles, the higher the temperature of the substance. The kinetic energy of a particle is determined by its mass and speed. For a pure substance, the greater the mass of each particle in the substance and the higher the average speed of the particles, the higher their average kinetic energy.","The particles in both samples have the same average speed, but each particle in sample A has more mass than each particle in sample B. So, the particles in sample A have a higher average kinetic energy than the particles in sample B. Because the particles in sample A have the higher average kinetic energy, sample A must have the higher temperature.",1162,194
mt0167,r012116,r012116,train,0,ambiguous_missing_candidate,"has_image=0 and topic/skill missing_rate in [0.35, 0.65] or fallback",,,,natural science,biology,4098,0.486822840409956,"Identify mammals, birds, fish, reptiles, and amphibians",342,0.2192982456140351,grade5,Classification,Select the amphibian.,wombat | barn owl | helmeted iguana | African bullfrog,3,,Amphibians have moist skin and begin their lives in water.,"An African bullfrog is an amphibian. It has moist skin and begins its life in water. Frogs live near water or in damp places. Most frogs lay their eggs in water. A wombat is a mammal. It has fur and feeds its young milk. Wombats have strong claws on their front feet. They use their claws to dig underground holes called burrows. A barn owl is a bird. It has feathers, two wings, and a beak. Barn owls live on every continent except Antarctica. A helmeted iguana is a reptile. It has scaly, waterproof skin. Iguanas are a type of lizard. Iguanas eat plants and fruit.",711,126
mt0168,r013171,r013171,validation,0,accidental_missing_candidate,has_image=0 but reliable topic/skill missing_rate <= 0.2; check sparse skill stats manually,,,,natural science,literacy-in-science,34,0.1470588235294118,Changes to Earth's surface: erosion,1,1.0,grade4,Rocks and minerals,"Complete the paragraph. Earth's surface is made mostly of rock. Water, wind, and ice can break down this rock to form ().",melted rock | loose pieces | bigger pieces,1,,,"Water, wind, and ice can break down rock into loose pieces. This breakdown of rock is called weathering. Here are some ways that weathering can happen. Water crashes into a rock. Over time, the rock starts breaking down into smaller pieces. Wind blows grains of sand into a rock. As the sand hits the rock, small pieces break off from the rock. Water flows into a crack in a rock. On a cold night, the water freezes to form ice. As the water freezes, it takes up more space. This makes the crack bigger. Over time, the crack becomes big enough to break the rock into smaller pieces.",755,136
mt0169,r002306,r002306,train,0,structural_absence_candidate,has_image=0 and topic/skill missing_rate >= 0.9,,,,language science,verbs,251,1.0,"Is the sentence in the past, present, or future tense?",251,1.0,grade2,Verb tense,Which tense does the sentence use? Dad will love your surprise gift!,future tense | past tense | present tense,0,,"Present tense verbs tell you about something that is happening now. Most present-tense verbs are regular. They have no ending, or they end in -s or -es. Two verbs are irregular in the present tense, to be and to have. You must remember their forms. Past tense verbs tell you about something that has already happened. Most past-tense verbs are regular. They end in -ed. Some verbs are irregular in the past tense. You must remember their past-tense forms. Future tense verbs tell you about something that is going to happen. All future-tense verbs use the word will. Present | Past | Future walk, walks | walked | will walk go, goes | went | will go","The sentence is in future tense. You can tell because it uses will before the main verb, love. The verb tells you about something that is going to happen.",922,164
mt0170,r005883,r005883,train,0,structural_absence_candidate,has_image=0 and topic/skill missing_rate >= 0.9,,,,language science,phonological-awareness,97,1.0,Which word does not rhyme?,97,1.0,grade1,Rhyming,Which word does not rhyme?,ham | hole | role,0,,Rhyming words are words that end with the same sound. The words tip and slip rhyme. They both end with the ip sound. The words lake and make rhyme. They both end with the ake sound. The words tip and lake don't rhyme. They end with different sounds.,The words hole and role rhyme. They both end with the ole sound. The word ham does not rhyme. It ends with a different sound.,427,81
mt0171,r013523,r013523,validation,0,accidental_missing_candidate,has_image=0 but reliable topic/skill missing_rate <= 0.2; check sparse skill stats manually,,,,social science,world-history,65,0.1846153846153846,World War I: the road to peace,1,1.0,grade4,20th century American history,"From August to November 1918, the Allied powers won many battles. This was called the Hundred Days Offensive. What happened after the Hundred Days Offensive?",Russia joined the war again. | The United States Congress decided not to send any more soldiers to Europe. | Germany surrendered to the Allied powers. | The Allied powers started to lose a lot of battles.,2,,,"The Hundred Days Offensive was a turning point in World War I. In war, an offensive is a large attack. After the Hundred Days Offensive, Germany surrendered to the Allied powers. The war was over.",568,94
mt0172,r000690,r000690,train,0,structural_absence_candidate,has_image=0 and topic/skill missing_rate >= 0.9,,,,social science,economics,682,0.563049853372434,Goods and services,79,1.0,grade3,Basic economic principles,Is a toaster a good or a service?,a service | a good,1,,"Everything you can buy is either a good or a service. A good is something you can touch or hold in your hands. For example, a hammer is a good. A service is a job you pay someone else to do. For example, cooking food in a restaurant is a service.","To decide whether a toaster is a good or a service, ask these questions: Is a toaster something you can touch? Yes. Is a toaster a job you might pay someone else to do? No. So, a toaster is a good.",503,104
mt0173,r011200,r011200,train,0,ambiguous_missing_candidate,"has_image=0 and topic/skill missing_rate in [0.35, 0.65] or fallback",,,,natural science,biology,4098,0.486822840409956,Body systems: circulation and respiration,3,1.0,grade4,Animals,Which job does the circulatory system do?,It brings oxygen to cells. | It breaks down food into small pieces.,0,,"To stay alive, animal cells must get water and oxygen. Animal cells also produce carbon dioxide, a waste that must be removed. An animal's respiratory and circulatory systems work together to do these jobs. An animal's respiratory system is made up of organs that work together to bring in oxygen gas from the environment. The respiratory system also removes carbon dioxide gas from the animal's body. Some animals have lungs to exchange oxygen and carbon dioxide with the air. Other animals have gills to exchange oxygen and carbon dioxide with water. An animal's circulatory system is made up of organs that work together to move blood through its body. The heart pumps blood through blood vesse...","The circulatory system brings oxygen, nutrients, and water to cells. It also helps remove carbon dioxide waste. The circulatory system does not break down food into small pieces. This job is done by the digestive system. After the digestive system breaks down food, blood vessels in the intestines absorb the nutrients from the food. The blood then carries the nutrients to cells throughout the body.",1485,243
mt0174,r013888,r013888,validation,0,accidental_missing_candidate,has_image=0 but reliable topic/skill missing_rate <= 0.2; check sparse skill stats manually,,,,social science,us-history,510,0.0843137254901961,The American Revolution: New British taxes,1,1.0,grade4,The American Revolution,"In the 1760s, smuggling was an important part of the colonial economy. What does smuggling mean?",stealing goods from foreign merchants | shipping goods secretly or illegally | producing metal from minerals and rocks | trading one good for another without the use of money,1,,,"Smuggling means shipping goods into or out of a place secretly or illegally. Why did the colonists smuggle? Smuggling was a way for the colonists to trade with anyone they wanted. British laws often said the colonies could only trade with Great Britain or British colonies. Smugglers ignored these laws and traded with other countries anyway. Smuggling was also a way for colonial merchants to avoid paying taxes. If the British tax collectors did not know a product was coming into the colonies, they had no way to tax it.",804,132
mt0175,r013221,r013221,validation,1,observed_reference,has_image=1 reference sample for calibration,,,,natural science,chemistry,1194,0.5510887772194305,Compare concentrations of solutions,295,0.0,grade6,Solutions,Which solution has a higher concentration of purple particles?,Solution B | Solution A | neither; their concentrations are the same,0,The diagram below is a model of two solutions. Each purple ball represents one particle of solute.,"A solution is made up of two or more substances that are completely mixed. In a solution, solute particles are mixed into a solvent. The solute cannot be separated from the solvent by a filter. For example, if you stir a spoonful of salt into a cup of water, the salt will mix into the water to make a saltwater solution. In this case, the salt is the solute. The water is the solvent. The concentration of a solute in a solution is a measure of the ratio of solute to solvent. Concentration can be described in terms of particles of solute per volume of solvent. concentration = particles of solute / volume of solvent","In Solution A and Solution B, the purple particles represent the solute. To figure out which solution has a higher concentration of purple particles, look at both the number of purple particles and the volume of the solvent in each container. Use the concentration formula to find the number of purple particles per milliliter. Solution B has more purple particles per milliliter. So, Solution B has a higher concentration of purple particles.",1300,223
mt0176,r018829,r018829,test,0,accidental_missing_candidate,has_image=0 but reliable topic/skill missing_rate <= 0.2; check sparse skill stats manually,,,,social science,us-history,510,0.0843137254901961,Reconstruction,1,1.0,grade5,The Civil War and Reconstruction,The time period after the Civil War is usually called Reconstruction. What does it mean to reconstruct something?,to criticize something | to destroy something | to forget something entirely | to build something again,3,,,"The prefix re- means ""again."" The word construct means ""to build."" So, reconstruct means ""to build something again."" The Confederate States were in the South. The border states were Southern states that did not join the Confederacy. In 1861, the Civil War started when 11 Southern states seceded, or withdrew from the country. The seceded states tried to form a new country called the Confederate States of America. In 1865, the Confederate states lost the Civil War. During Reconstruction, Americans debated how to bring the Confederate states back into the United States' political and economic systems.",832,128
mt0177,r016027,r016027,validation,0,ambiguous_missing_candidate,"has_image=0 and topic/skill missing_rate in [0.35, 0.65] or fallback",,,,natural science,biology,4098,0.486822840409956,"Identify mammals, birds, fish, reptiles, and amphibians",342,0.2192982456140351,grade5,Classification,Select the fish.,robin | giraffe | catfish | tiger salamander,2,,"Fish live underwater. They have fins, not limbs.","A robin is a bird. It has feathers, two wings, and a beak. A robin is a songbird. It sings different songs at different times of the day. A catfish is a fish. It lives underwater. It has fins, not limbs. Unlike most other fish, catfish do not have scales! They have slimy skin. A giraffe is a mammal. It has hair and feeds its young milk. Giraffes eat mostly leaves that are too high up for other animals to reach. A tiger salamander is an amphibian. It has moist skin and begins its life in water. Tiger salamanders often live in underground burrows.",670,120
mt0178,r003518,r003518,train,1,observed_reference,has_image=1 reference sample for calibration,,,,natural science,biology,4098,0.486822840409956,Animal adaptations: feet and limbs,161,0.0,grade4,Adaptations,"Which animal's feet are also adapted for walking on large, floating leaves?",wattled jacana | New Zealand falcon,0,"Bronze-winged jacanas live near rivers and lakes. They eat insects and snails that live on plants floating on the surface of the water.
The feet of the jacana are adapted for walking on large, floating leaves. The jacana uses its feet to spread its weight out over a wide area. This helps the bird walk on the leaves without sinking into the water.
Figure: bronze-winged jacana.","An adaptation is an inherited trait that helps an organism survive or reproduce. Adaptations can include both body parts and behaviors. The shape of an animal's feet is one example of an adaptation. Animals' feet can be adapted in different ways. For example, webbed feet might help an animal swim. Feet with thick fur might help an animal walk on cold, snowy ground.","Look at the picture of the bronze-winged jacana. The bronze-winged jacana uses its toes to spread its weight out over a large area. This can help it walk on leaves without sinking into the water. Now look at each animal. Figure out which animal has a similar adaptation. The wattled jacana has long, thin toes on its feet. Its feet are adapted for walking on floating leaves. The New Zealand falcon has medium-sized toes with sharp claws. Its feet are not adapted for walking on floating leaves. The New Zealand falcon uses its feet to grab prey.",1410,243
mt0179,r020262,r020262,test,0,ambiguous_missing_candidate,"has_image=0 and topic/skill missing_rate in [0.35, 0.65] or fallback",,,,natural science,biology,4098,0.486822840409956,Body parts and their functions,10,1.0,grade2,Animals,Which body part lets you think?,brain | muscles | heart,0,,,,61,9
mt0180,r003407,r003407,train,0,ambiguous_missing_candidate,"has_image=0 and topic/skill missing_rate in [0.35, 0.65] or fallback",,,,natural science,biology,4098,0.486822840409956,"Identify mammals, birds, fish, reptiles, and amphibians",342,0.2192982456140351,grade5,Classification,Select the mammal.,penguin | keel-billed toucan | American bullfrog | koala,3,,Mammals have hair or fur and feed their young milk.,"A koala is a mammal. It has fur and feeds its young milk. Koalas sleep for up to 20 hours a day! A penguin is a bird. It has feathers, two wings, and a beak. Penguins live near water. Penguins cannot fly! They use their wings to swim. A keel-billed toucan is a bird. It has feathers, two wings, and a beak. Toucans have large beaks. A toucan's beak can be half as long as its body. An American bullfrog is an amphibian. It has moist skin and begins its life in water. Frogs live near water or in damp places. Most frogs lay their eggs in water.",680,127
mt0181,r007420,r007420,train,0,ambiguous_missing_candidate,"has_image=0 and topic/skill missing_rate in [0.35, 0.65] or fallback",,,,natural science,biology,4098,0.486822840409956,"Identify mammals, birds, fish, reptiles, and amphibians",342,0.2192982456140351,grade5,Classification,Select the mammal.,Banggai cardinalfish | green moray eel | rabbit | arroyo toad,2,,Mammals have hair or fur and feed their young milk.,"A green moray eel is a fish. It lives underwater. It has fins, not limbs. Eels are long and thin. They may have small fins. They look like snakes, but they are fish! An arroyo toad is an amphibian. It has moist skin and begins its life in water. Toads do not have teeth! They swallow their food whole. A rabbit is a mammal. It has fur and feeds its young milk. Rabbits live underground in burrows. A group of rabbit burrows is called a warren. A Banggai cardinalfish is a fish. It lives underwater. It has fins, not limbs. Cardinalfish often live near coral reefs. They are nocturnal, which means that they are active mostly at night.",775,139
mt0182,r021093,r021093,test,0,structural_absence_candidate,has_image=0 and topic/skill missing_rate >= 0.9,,,,language science,figurative-language,1260,1.0,"Classify the figure of speech: euphemism, hyperbole, oxymoron, paradox",94,1.0,grade12,Literary devices,"Which figure of speech is used in this text? Although Fred hasn't worked in years, his mother prefers to say that he's between jobs right now.",paradox | euphemism,1,,"Figures of speech are words or phrases that use language in a nonliteral or unusual way. They can make writing more expressive. A euphemism is a polite or indirect expression that is used to de-emphasize an unpleasant topic. The head of Human Resources would never refer to firing people, only to laying them off. Hyperbole is an obvious exaggeration that is not meant to be taken literally. I ate so much that I think I might explode! An oxymoron is a joining of two seemingly contradictory terms. Some reviewers are calling this book a new classic. A paradox is a statement that might at first appear to be contradictory, but that may in fact contain some truth. Always expect the unexpected.","The text uses a euphemism, a polite or indirect expression that is used to de-emphasize an unpleasant topic. Between jobs is an indirect way of saying unemployed.",1026,176
mt0183,r009208,r009208,train,0,structural_absence_candidate,has_image=0 and topic/skill missing_rate >= 0.9,,,,language science,writing-strategies,1650,0.9157575757575758,Classify logical fallacies,373,1.0,grade9,Developing and supporting arguments,Which logical fallacy is used in the text? The thing that makes Carson stand out as a remarkable cellist is that he's a marvelous musician who plays the cello splendidly.,"circular reasoning: an argument that supports a claim with the claim itself | bandwagon fallacy: the assumption that the popular choice is automatically correct | ad hominem: an attack against the person making the argument, rather than the argument itself",0,,"A strong argument uses valid reasoning and logic in support of a claim. When an argument or claim introduces irrelevant information or misrepresents the issues at hand, it may be committing a logical fallacy. Logical fallacies can hurt a writer's credibility and can lead readers to draw false conclusions. A logical fallacy may present irrelevant information: Fallacy | Description ad hominem | an attack against the person making the argument, rather than the argument itself appeal to nature | an argument that assumes the natural choice is always the best choice bandwagon fallacy | an argument that assumes the popular choice is always the best choice circular reasoning | an argument that su...","The text argues that Carson is a remarkable cellist because he plays the cello well. However, the ""evidence"" is just a restatement of the claim itself. This illustrates a type of logical fallacy known as circular reasoning.",2064,331
mt0184,r013038,r013038,validation,0,structural_absence_candidate,has_image=0 and topic/skill missing_rate >= 0.9,,,,natural science,biology,4098,0.486822840409956,Identify inherited and acquired traits,280,1.0,grade4,Traits and heredity,Is the following trait inherited or acquired? Jerry has five toes on each foot.,inherited | acquired,0,Hint: Jerry was born with five toes on each foot.,"Organisms, including people, have both inherited and acquired traits. Inherited and acquired traits are gained in different ways. Inherited traits are passed down through families. Children gain these traits from their parents. Inherited traits do not need to be learned. Acquired traits are gained during a person's life. Some acquired traits, such as riding a bicycle, are gained by learning. Other acquired traits, such as scars, are caused by the environment. Children do not inherit their parents' acquired traits.","Most humans are born with five toes on each foot. So, having five toes is an inherited trait.",769,123
mt0185,r014924,r014924,validation,0,ambiguous_missing_candidate,"has_image=0 and topic/skill missing_rate in [0.35, 0.65] or fallback",,,,natural science,biology,4098,0.486822840409956,Identify functions of plant cell parts,10,1.0,grade7,Cells,Select the part whose main job is to use energy from sunlight to make sugar in a plant cell.,chromosomes | chloroplasts | cell membrane | vacuole,1,,Plant cells are made up of many different parts. Each cell part has a function that helps the cell survive and grow. Some cell parts are called organelles. Organelles are cell structures that are surrounded by their own membranes. Here are some of the organelles in plant cells: Chloroplasts and mitochondria work together to help the cell get the energy it needs. The chloroplasts use photosynthesis to make sugar. The mitochondria break down this sugar and release energy that the cell can use for all of its activities. The nucleus directs cell activities by sending instructions to different parts of the cell. The nucleus contains structures called chromosomes. The chromosomes are made mostl...,"Chloroplasts use photosynthesis to make sugar. First, chloroplasts capture energy from sunlight. Then, they use this energy to turn water and carbon dioxide gas into sugar, the plant cell's food. A plant cell may have many chloroplasts. Chloroplasts contain a green substance called chlorophyll.",2823,460
mt0186,r003044,r003044,train,0,accidental_missing_candidate,has_image=0 but reliable topic/skill missing_rate <= 0.2; check sparse skill stats manually,,,,social science,us-history,510,0.0843137254901961,The Civil War: the First Battle of Bull Run to Gettysburg,1,1.0,grade4,The Civil War and Reconstruction,"From Whitman's account, what probably happened at the battle?",The Union army fought the Confederate army to a tie. | The Union army was defeated and forced to retreat. | The Union army won the battle and took Manassas Junction. | The Confederate army had burned down the Long Bridge.,1,"In June 1861, the Union army marched south from Washington, D.C., into Virginia. Its goal was to seize Manassas Junction, an important railroad center.
The following passage is the memory of Walt Whitman, who was living in Washington, D.C., at the time. Use it to answer the question below.
The defeated troops [started] pouring into Washington over the Long Bridge at daylight on Monday, 22nd July . . . all the men with this coating of sweat and rain, now recoiling back, pouring over the Long Bridge — a horrible march of twenty miles, returning to Washington baffled, humiliated, panic-struck.",,"Look at the underlined sentences from the passage. The defeated troops [started] pouring into Washington over the Long Bridge at daylight on Monday, 22 nd July . . . all the men with this coating of sweat and rain, now recoiling back, pouring over the Long Bridge — a horrible march of twenty miles, returning to Washington baffled, humiliated, panic-struck. Remember that Walt Whitman was writing about the Union army. Whitman uses words such as ""defeated,"" ""humiliated,"" and ""panic-struck"" to describe the returning Union soldiers. The Union army was defeated and forced to retreat.",1474,241
mt0187,r010233,r010233,train,0,ambiguous_missing_candidate,"has_image=0 and topic/skill missing_rate in [0.35, 0.65] or fallback",,,,natural science,biology,4098,0.486822840409956,"Identify mammals, birds, fish, reptiles, and amphibians",342,0.2192982456140351,grade5,Classification,Select the bird.,dwarf crocodile | human | gray crowned crane | wombat,2,,"Birds have feathers, two wings, and a beak.","A wombat is a mammal. It has fur and feeds its young milk. Wombats have strong claws on their front feet. They use their claws to dig underground holes called burrows. A human is a mammal. It has hair and feeds its young milk. Humans are a type of animal called a primate. Monkeys and apes are also primates. A dwarf crocodile is a reptile. It has scaly, waterproof skin. Crocodiles hunt their prey in or near water. A gray crowned crane is a bird. It has feathers, two wings, and a beak. Cranes wade in shallow water to look for food. Cranes eat insects, worms, and plants.",697,126
mt0188,r012398,r012398,train,0,structural_absence_candidate,has_image=0 and topic/skill missing_rate >= 0.9,,,,natural science,biology,4098,0.486822840409956,Inherited and acquired traits: use evidence to support a statement,585,1.0,grade8,Genes to traits,What information supports the conclusion that Sandra acquired this trait?,Sandra's scar was caused by an accident. She cut her arm when she fell off her bicycle. | Sandra's scar is on her right elbow. Her father also has a scar on his right elbow. | Sandra's sister has a bruise from falling on her elbow.,0,"Read the description of a trait.
Sandra has a scar on her right elbow.","Organisms, including people, have both inherited and acquired traits. Inherited and acquired traits are gained in different ways. Inherited traits are passed down from biological parents to their offspring through genes. Genes are pieces of hereditary material that contain the instructions that affect inherited traits. Offspring receive their genes, and therefore gain their inherited traits, from their biological parents. Inherited traits do not need to be learned. Acquired traits are gained during a person's life. Some acquired traits, such as riding a bicycle, are gained by learning. Other acquired traits, such as scars, are caused by the environment. Parents do not pass acquired traits...",,1105,176
mt0189,r020755,r020755,test,0,accidental_missing_candidate,has_image=0 but reliable topic/skill missing_rate <= 0.2; check sparse skill stats manually,,,,social science,world-history,65,0.1846153846153846,Portuguese and Spanish expeditions: part II,1,1.0,grade6,Age of Exploration,"Imagine you are the ruler of Spain. You are determined to trade in the Indian Ocean, but the Portuguese are blocking you from sending expeditions around Africa. What would be the best solution to this problem?",break the treaty and start an expensive war | give up and focus instead on trade in Europe | look for other routes to the Indian Ocean,2,"While the Portuguese were working their way around the coast of Africa, other European countries, such as Spain, also wanted to trade in the Indian Ocean. But Portugal already controlled sea trade along the West African coast. In fact, the rulers of Spain had signed a treaty agreeing not to trade there.",,"The Portuguese blocked Spanish expeditions by preventing them from sailing around Africa. For the ruler of Spain, the best solution to this problem would be to look for other routes to the Indian Ocean. Going to war with Portugal's strong navy would be costly and risky. Giving up would mean that Spain would lose out on the opportunity to become wealthy from the spice trade. This map shows the ports that Portugal controlled in Africa by 1492. Portugal made sailing around Africa a real challenge for other Europeans!",1176,201
mt0190,r004658,r004658,train,0,ambiguous_missing_candidate,"has_image=0 and topic/skill missing_rate in [0.35, 0.65] or fallback",,,,natural science,biology,4098,0.486822840409956,"Identify mammals, birds, fish, reptiles, and amphibians",342,0.2192982456140351,grade5,Classification,Select the fish.,shoebill | golden frog | bison | hammerhead shark,3,,"Fish live underwater. They have fins, not limbs.","A hammerhead shark is a fish. It lives underwater. It has fins, not limbs. Hammerhead sharks get their names from the shape of their heads. They have a wide, flat head and a small mouth. A golden frog is an amphibian. It has moist skin and begins its life in water. Frogs live near water or in damp places. Most frogs lay their eggs in water. A bison is a mammal. It has fur and feeds its young milk. Male bison have horns. They can use their horns to defend themselves. A shoebill is a bird. It has feathers, two wings, and a beak. Shoebills live in tropical East Africa. Shoebills get their name from their shoe-shaped beaks.",751,135
mt0191,r020376,r020376,test,0,ambiguous_missing_candidate,"has_image=0 and topic/skill missing_rate in [0.35, 0.65] or fallback",,,,natural science,biology,4098,0.486822840409956,"Identify mammals, birds, fish, reptiles, and amphibians",342,0.2192982456140351,grade5,Classification,Select the bird.,anchovy | porcupinefish | fruit bat | flamingo,3,,"Birds have feathers, two wings, and a beak.","An anchovy is a fish. It lives underwater. It has fins, not limbs. An anchovy is a small fish that lives in the ocean. Like some other types of fish, anchovies swim in large groups called schools. A porcupinefish is a fish. It lives underwater. It has fins, not limbs. Porcupinefish can puff up their bodies with air or water to scare off predators. A flamingo is a bird. It has feathers, two wings, and a beak. Flamingos live in large groups. These groups are called flocks. A fruit bat is a mammal. It has hair and feeds its young milk. Fruit bats eat fruit and drink nectar from flowers. They have special teeth to help them bite through fruit skins.",769,137
mt0192,r010675,r010675,train,0,structural_absence_candidate,has_image=0 and topic/skill missing_rate >= 0.9,,,,natural science,physics,3215,0.3150855365474339,Compare properties of materials,151,1.0,grade2,Materials,Which would smell more?,gold nugget | paint,1,,"Every object is made of one or more materials. A material is a type of matter. Wood, glass, metal, and plastic are common materials. A material has different properties. A material's properties tell you how it looks, feels, tastes, or smells.","Smelly is a property. A smelly material has a strong smell. Look at each picture, one at a time. Imagine smelling the material shown in each picture. Of the choices, the paint would smell more. Wet paint has a strong smell.",516,89
mt0193,r012290,r012290,train,1,observed_reference,has_image=1 reference sample for calibration,,,,natural science,physics,3215,0.3150855365474339,Identify multiple materials in objects,57,0.0,grade2,Materials,Which material is this coat made of?,wax | wool,1,,"A material is a type of matter. Wood, glass, metal, and plastic are common materials. Some objects are made of just one material. Most nails are made of metal. Other objects are made of more than one material. This hammer is made of metal and wood.","Look at the picture of the coat. The coat is made of two materials. The buttons are made of plastic. The rest of the coat is made of wool. Wool comes from the fluffy coats of sheep! First, a farmer cuts the sheep's coats. Then, the wool is spun into yarn. The yarn can be dyed and used to make clothes.",605,116
mt0194,r008657,r008657,train,1,observed_reference,has_image=1 reference sample for calibration,,,,natural science,earth-science,1152,0.2821180555555556,"Classify rocks as igneous, sedimentary, or metamorphic",44,0.0,grade7,Rocks and minerals,What type of rock is quartzite?,igneous | metamorphic | sedimentary,1,"This is a piece of quartzite. Quartzite forms when sandstone is changed by high temperature and pressure.
Quartzite is made mostly of the mineral quartz. It can also contain small amounts of other minerals. Depending on the minerals it contains, a piece of quartzite can be white, gray, pink, red, green, or blue.","Igneous rock is formed when melted rock cools and hardens into solid rock. This type of change can occur at Earth's surface or below it. Sedimentary rock is formed when layers of sediment are pressed together, or compacted, to make rock. This type of change occurs below Earth's surface. Metamorphic rock is formed when a rock is changed by very high temperature and pressure. This type of change often occurs deep below Earth's surface. Over time, the old rock becomes a new rock with different properties.","Quartzite is a metamorphic rock. Like other metamorphic rocks, it forms when a rock is changed by high temperature and pressure. Heat and pressure can change the type and arrangement of minerals in a rock. This change forms a new rock with different properties. Quartzite can form when sedimentary rocks such as sandstone are changed by heat and pressure.",1251,207
mt0195,r013100,r013100,validation,0,ambiguous_missing_candidate,"has_image=0 and topic/skill missing_rate in [0.35, 0.65] or fallback",,,,natural science,biology,4098,0.486822840409956,"Identify mammals, birds, fish, reptiles, and amphibians",342,0.2192982456140351,grade5,Classification,Select the amphibian.,robin | cane toad | sea turtle | koala,1,,Amphibians have moist skin and begin their lives in water.,"A koala is a mammal. It has fur and feeds its young milk. Koalas sleep for up to 20 hours a day! A robin is a bird. It has feathers, two wings, and a beak. A robin is a songbird. It sings different songs at different times of the day. A sea turtle is a reptile. It has scaly, waterproof skin. Sea turtles live in the water, but they lay their eggs on land. A cane toad is an amphibian. It has moist skin and begins its life in water. Toads do not have teeth! They swallow their food whole.",617,119
mt0196,r015036,r015036,validation,1,observed_reference,has_image=1 reference sample for calibration,,,,natural science,biology,4098,0.486822840409956,Use Punnett squares to calculate probabilities of offspring types,97,0.0,grade8,Genes to traits,What is the probability that a human produced by this cross will be heterozygous for the xeroderma pigmentosum gene?,4/4 | 2/4 | 3/4 | 0/4 | 1/4,1,"This passage describes the xeroderma pigmentosum trait in humans:
Xeroderma pigmentosum is a condition that causes skin to be easily damaged by sunlight. Humans with xeroderma pigmentosum avoid exposure to sunlight by wearing protective clothing, using sunscreen, and not going outside during the day.
In a group of humans, some individuals have xeroderma pigmentosum and others do not. In this group, the gene for the xeroderma pigmentosum trait has two alleles. The allele for not having xeroderma pigmentosum (E) is dominant over the allele for having xeroderma pigmentosum (e).
This Punnett square shows a cross between two humans.","Offspring genotypes: homozygous or heterozygous? How do you determine whether an organism is homozygous or heterozygous for a gene? Look at the alleles in the organism's genotype for that gene. An organism with two identical alleles for a gene is homozygous for that gene. If both alleles are dominant, the organism is homozygous dominant for the gene. If both alleles are recessive, the organism is homozygous recessive for the gene. An organism with two different alleles for a gene is heterozygous for that gene. In a Punnett square, each box represents a different outcome, or result. Each of the four outcomes is equally likely to happen. Each box represents one way the parents' alleles can ...",,2648,465
mt0197,r006737,r006737,train,0,accidental_missing_candidate,has_image=0 but reliable topic/skill missing_rate <= 0.2; check sparse skill stats manually,,,,social science,us-history,510,0.0843137254901961,The American Revolution: the rebellion begins,1,1.0,grade4,The American Revolution,"In 1774, people across the colonies knew that they needed to respond to the Intolerable Acts. However, they disagreed about how to respond. How did they resolve this disagreement?","They took a vote of all white men in all the colonies. | The colonies split into two groups, and each group responded separately. | The colonists asked George Washington to decide for them. | Each colony sent representatives to a meeting to discuss the options.",3,,,"In 1774, people in the colonies sent representatives to a meeting to discuss how to respond to the Intolerable Acts. This meeting, which took place from September to October, came to be known as the First Continental Congress. The Congress included 52 delegates, or representatives, from 12 colonies. Only Georgia chose not to participate.",790,126
mt0198,r019142,r019142,test,0,ambiguous_missing_candidate,"has_image=0 and topic/skill missing_rate in [0.35, 0.65] or fallback",,,,natural science,biology,4098,0.486822840409956,Identify functions of plant cell parts,10,1.0,grade7,Cells,Select the part that contains the information that a plant cell uses for growth and activities.,chloroplasts | chromosomes | mitochondria | Golgi,1,,Plant cells are made up of many different parts. Each cell part has a function that helps the cell survive and grow. Some cell parts are called organelles. Organelles are cell structures that are surrounded by their own membranes. Here are some of the organelles in plant cells: Chloroplasts and mitochondria work together to help the cell get the energy it needs. The chloroplasts use photosynthesis to make sugar. The mitochondria break down this sugar and release energy that the cell can use for all of its activities. The nucleus directs cell activities by sending instructions to different parts of the cell. The nucleus contains structures called chromosomes. The chromosomes are made mostl...,"Chromosomes contain the information that the cell uses for growth and activities. This information helps control what the cell does and how it grows and develops. In plant and animal cells, the chromosomes are inside the nucleus.",2757,449
mt0199,r007870,r007870,train,0,structural_absence_candidate,has_image=0 and topic/skill missing_rate >= 0.9,,,,language science,writing-strategies,1650,0.9157575757575758,Classify logical fallacies,373,1.0,grade7,Developing and supporting arguments,"Which logical fallacy is used in the text? Sally never lies. She told me herself, so it must be true.","false causation: the assumption that because two things happened together, one caused the other | circular reasoning: an argument that supports a claim with the claim itself",1,,"A strong argument uses valid reasoning and logic in support of a claim. When an argument or claim introduces irrelevant information or misrepresents the issues at hand, it may be committing a logical fallacy. Logical fallacies can hurt a writer's credibility and can lead readers to draw false conclusions. A logical fallacy may present irrelevant information: Fallacy | Description ad hominem | a personal attack meant to discredit one's opponent appeal to nature | an argument that assumes the natural choice is always the best choice bandwagon fallacy | an argument that assumes the popular choice is always the best choice circular reasoning | an argument that supports a claim with the claim ...","The text argues that Sally is telling the truth because she says she never lies. However, the ""evidence"" is just a restatement of the claim itself. This illustrates a type of logical fallacy known as circular reasoning.",1842,302
mt0200,r005438,r005438,train,0,accidental_missing_candidate,has_image=0 but reliable topic/skill missing_rate <= 0.2; check sparse skill stats manually,,,,social science,us-history,510,0.0843137254901961,Abraham Lincoln,2,1.0,grade3,Historical figures,What is Abraham Lincoln famous for?,He helped write the Declaration of Independence. | He was president of the United States. | He gave women the right to vote.,1,,,Abraham Lincoln was the 16 th president of the United States. He is famous for helping to end slavery. He is also famous for leading the country through the Civil War.,336,58
mt0201,r016897,r016897,validation,0,accidental_missing_candidate,has_image=0 but reliable topic/skill missing_rate <= 0.2; check sparse skill stats manually,,,,social science,us-history,510,0.0843137254901961,Antebellum Period: economies of the North and South,1,1.0,grade4,Early 19th century American history,The time between 1820 and 1860 is called the antebellum period. What does antebellum mean?,after the war | wealthy | revolutionary | before the war,3,,,"Antebellum means ""before the war."" Ante and bellum are Latin root words. The root ante means ""before."" The root bellum means ""war."" The antebellum period is named for the war that followed it: the Civil War.",364,59
mt0202,r016939,r016939,validation,0,accidental_missing_candidate,has_image=0 but reliable topic/skill missing_rate <= 0.2; check sparse skill stats manually,,,,social science,us-history,510,0.0843137254901961,The War of 1812: events and effects,1,1.0,grade5,Early 19th century American history,Complete the sentence. The War of 1812 began in June of 1812 when () declared war on ().,France . . . Great Britain | the United States . . . Great Britain | Great Britain . . . the United States | Great Britain . . . France,1,,,"The War of 1812 began on June 18, 1812, when the United States declared war on Great Britain. President James Madison of the United States signed Congress's declaration of war against Great Britain.",432,79
mt0203,r001679,r001679,train,1,observed_reference,has_image=1 reference sample for calibration,,,,language science,reading-comprehension,84,0.4523809523809523,Read and understand informational passages,20,0.0,grade2,Independent reading comprehension,Why do stick insects look like sticks?,so they can hide on trees | so birds can find them more easily,0,"Read the passage about stick insects.
Stick insects are a tasty snack for birds and other animals. But these bugs have a tricky way to hide. They look like sticks! This makes them hard to spot in the trees where they live. They also don't move much.
Stick insects have another neat trick. If a bird grabs one by the leg, a stick insect can still get away. It just lets its leg fall off! Amazingly, stick insects can grow back any legs they lose.",,Look at the passage. It tells you why stick insects look like sticks. Stick insects are a tasty snack for birds and other animals. But these bugs have a tricky way to hide. They look like sticks! This makes them hard to spot in the trees where they live. They also don't move much.,835,159
mt0204,r000497,r000497,train,0,structural_absence_candidate,has_image=0 and topic/skill missing_rate >= 0.9,,,,natural science,biology,4098,0.486822840409956,Use evidence to classify animals,29,1.0,grade5,Classification,Select the one animal that has all of the arachnid traits listed above.,"White-spotted octopuses have tentacles, which are also called arms. White-spotted octopuses can use their tentacles to reach between corals and grab fish. These octopuses have a soft red body with white spots. | Leaf-curling spiders spin webs with a leaf at the center. These spiders have an exoskeleton and eight legs, but no antennae.",1,"Arachnids are a group of animals with similar traits. The following traits can be used to identify arachnids:
They have eight legs.
They have an exoskeleton.
They have no antennae. Observe the animals and read the descriptions.","Scientists sort animals with similar traits into groups. This is called classification. Classification helps scientists learn about how animals live. How do scientists classify animals? First, they make observations about an animal. Scientists observe the animal's traits, including its body parts and behavior. Then, scientists compare the animal's traits to other animals' traits. Scientists classify animals with similar traits into a group.","To decide if an animal is part of a group, look at the traits of the group. Arachnids have the following traits: They have eight legs. They have an exoskeleton. They have no antennae. Compare each animal's traits to the group's traits. Select the animal with traits similar to the group's traits. A leaf-curling spider has the following traits: It has eight legs. It has an exoskeleton. It has no antennae. A leaf-curling spider has the traits of an arachnid. A leaf-curling spider is an arachnid. A white-spotted octopus has the following traits: It has a soft body. It has tentacles. A white-spotted octopus does not have all of the traits of an arachnid. A white-spotted octopus is a mollusk.",1782,285
mt0205,r009278,r009278,train,0,ambiguous_missing_candidate,"has_image=0 and topic/skill missing_rate in [0.35, 0.65] or fallback",,,,natural science,biology,4098,0.486822840409956,"Identify mammals, birds, fish, reptiles, and amphibians",342,0.2192982456140351,grade5,Classification,Select the amphibian.,snowy owl | helmeted iguana | brown pelican | arroyo toad,3,,Amphibians have moist skin and begin their lives in water.,"An arroyo toad is an amphibian. It has moist skin and begins its life in water. Toads do not have teeth! They swallow their food whole. A snowy owl is a bird. It has feathers, two wings, and a beak. Snowy owls live in cold places. Even their feet have feathers to keep warm! A brown pelican is a bird. It has feathers, two wings, and a beak. Brown pelicans live near water. They can dive underwater to catch fish. A helmeted iguana is a reptile. It has scaly, waterproof skin. Iguanas are a type of lizard. Iguanas eat plants and fruit.",683,123
mt0206,r020651,r020651,test,0,structural_absence_candidate,has_image=0 and topic/skill missing_rate >= 0.9,,,,language science,writing-strategies,1650,0.9157575757575758,Classify logical fallacies,373,1.0,grade10,Developing and supporting arguments,"Which logical fallacy is used in the text? Leon must not have enjoyed the casserole, or he would have asked for a second serving.",bandwagon fallacy: the assumption that the popular choice is automatically correct | appeal to nature: the assumption that natural things are always good | false dichotomy: an argument that presents only two choices when more options exist,2,,"A strong argument uses valid reasoning and logic in support of a claim. When an argument or claim introduces irrelevant information or misrepresents the issues at hand, it may be committing a logical fallacy. Logical fallacies can hurt a writer's credibility and can lead readers to draw false conclusions. A logical fallacy may present irrelevant information: Fallacy | Description ad hominem | an attack against the person making the argument, rather than the argument itself appeal to nature | an argument that assumes the natural choice is always the best choice bandwagon fallacy | an argument that assumes the popular choice is always the best choice circular reasoning | an argument that su...","The text argues that if Leon enjoyed the casserole, then he would have eaten more. However, Leon could have enjoyed the casserole without wanting a second serving. This illustrates a type of logical fallacy known as a false dichotomy.",2017,324
mt0207,r009860,r009860,train,0,accidental_missing_candidate,has_image=0 but reliable topic/skill missing_rate <= 0.2; check sparse skill stats manually,,,,social science,world-history,65,0.1846153846153846,Science and technology in early China,3,1.0,grade7,Early China,Which of the following is an example of technologies?,a loom to weave fabric | a hurricane that damages homes,0,"People in early China invented many new types of technologies. Today, the word ""technology"" often refers to electronic objects such as computers and cell phones. But technology can be any device or object that helps people solve problems or complete tasks more easily.",,,383,62
mt0208,r000520,r000520,train,0,accidental_missing_candidate,has_image=0 but reliable topic/skill missing_rate <= 0.2; check sparse skill stats manually,,,,social science,world-history,65,0.1846153846153846,Origins of Judaism,1,1.0,grade6,World religions,Judaism (JU-dee-izm) is a religion that has existed for thousands of years. What are people who practice Judaism called?,Jains | Christians | Jews | Hindus,2,,,"Today, people who practice Judaism, or actively follow its teachings and traditions, are called Jews. But there are also many Jews who don't take part in religious practices. These people may still think of themselves as Jews because of their ancestry, or family history. Early in Jewish history, ancestors of the first Jews were known as Hebrews and then Israelites.",532,83
mt0209,r013954,r013954,validation,0,structural_absence_candidate,has_image=0 and topic/skill missing_rate >= 0.9,,,,natural science,units-and-measurement,870,1.0,Choose units of time,97,1.0,grade3,Units and measurement,How long does it take to peel a banana?,13 seconds | 13 hours,0,Select the better estimate.,"Measurements are written with both a number and a unit. The unit comes after the number. The unit shows what the number means. Imagine being told that the bus leaves in 7. You might be thinking, 7 what? Does the bus leave in 7 minutes? 7 seconds? The number 7 on its own does not give you much information about when the bus is leaving. That is because the units are missing. Time is usually measured in units of seconds, minutes, or hours. It takes about 1 second to sneeze and 1 minute to get dressed in the morning. It takes about 1 hour to bake a pie in the oven. There are 60 seconds in 1 minute. So, 1 second is much less than 1 minute. There are 60 minutes in 1 hour. So, 1 minute is much l...",The better estimate for how long it takes to peel a banana is 13 seconds. 13 hours is too slow.,904,180
mt0210,r007163,r007163,train,0,structural_absence_candidate,has_image=0 and topic/skill missing_rate >= 0.9,,,,language science,reference-skills,724,1.0,Use guide words,697,1.0,grade4,Reference skills,Would you find the word shoulder on a dictionary page with the following guide words? somehow - spill,no | yes,0,,"Guide words appear on each page of a dictionary. They tell you the first word and last word on the page. The other words on the page come between the guide words in alphabetical order. To put words in alphabetical order, put them in order by their first letters. If the first letters are the same, look at the second letters. If the second letters are the same, look at the third letters, and so on. If one word is shorter, and there are no more letters to compare, then the shorter word comes first in alphabetical order. For example, be comes before bed.","Put the words in alphabetical order. Since shoulder is not between the guide words somehow - spill, it would not be found on that page.",809,149
mt0211,r015376,r015376,validation,0,ambiguous_missing_candidate,"has_image=0 and topic/skill missing_rate in [0.35, 0.65] or fallback",,,,natural science,biology,4098,0.486822840409956,"Identify mammals, birds, fish, reptiles, and amphibians",342,0.2192982456140351,grade5,Classification,Select the amphibian.,koala | helmeted iguana | alpine newt | red crowned crane,2,,Amphibians have moist skin and begin their lives in water.,"An alpine newt is an amphibian. It has moist skin and begins its life in water. Some newts live in water. Other newts live on land but lay their eggs in water. A helmeted iguana is a reptile. It has scaly, waterproof skin. Iguanas are a type of lizard. Iguanas eat plants and fruit. A koala is a mammal. It has fur and feeds its young milk. Koalas sleep for up to 20 hours a day! A red crowned crane is a bird. It has feathers, two wings, and a beak. Cranes wade in shallow water to look for food. Cranes eat insects, worms, and plants.",683,127
mt0212,r009627,r009627,train,0,ambiguous_missing_candidate,"has_image=0 and topic/skill missing_rate in [0.35, 0.65] or fallback",,,,natural science,biology,4098,0.486822840409956,"Identify mammals, birds, fish, reptiles, and amphibians",342,0.2192982456140351,grade5,Classification,Select the bird.,manta ray | emerald hummingbird | grass frog | green iguana,1,,"Birds have feathers, two wings, and a beak.","A green iguana is a reptile. It has scaly, waterproof skin. Iguanas are a type of lizard. Iguanas eat plants and fruit. An emerald hummingbird is a bird. It has feathers, two wings, and a beak. Hummingbirds can fly backwards and upside-down! A manta ray is a fish. It lives underwater. It has fins, not limbs. Rays have a different shape than many other fish. Rays are large and flat. They have wide, triangle-shaped fins that help them swim long distances. A grass frog is an amphibian. It has moist skin and begins its life in water. Frogs live near water or in damp places. Most frogs lay their eggs in water.",741,131
mt0213,r016385,r016385,validation,1,observed_reference,has_image=1 reference sample for calibration,,,,social science,geography,2956,0.0040595399188092,Identify state capitals of the Midwest,297,0.0,grade4,State capitals,What is the capital of North Dakota?,Bismarck | Springfield | Jefferson City | Frankfort,0,,,Bismarck is the capital of North Dakota.,138,19
mt0214,r003560,r003560,train,0,structural_absence_candidate,has_image=0 and topic/skill missing_rate >= 0.9,,,,natural science,biology,4098,0.486822840409956,Identify plants and animals,88,1.0,grade3,Classification,Select the animal.,Apple trees can grow fruit. | Vultures eat mammals and birds. | Dandelions can grow small yellow flowers. | Pine trees have green leaves.,1,,"Plants and animals are living things. Living things are called organisms. Plants come in many shapes and sizes. Most plants grow in the ground. They might grow leaves, flowers, and fruit. Plants cannot move around on their own like animals can. Animals also come in many shapes and sizes. Most animals can move around. Animals might run, swim, jump, or fly. Animals eat plants or other organisms for food.","An apple tree is a plant. It can grow fruit. People have been growing apples for thousands of years. There are more than 7,500 types of apples! A vulture is an animal. It eats mammals and birds. Vultures usually do not hunt live animals. They eat animals that are already dead! This behavior is called scavenging. A pine tree is a plant. It has green leaves. Pine tree seeds grow in cones. Trees that grow cones are called conifers. A dandelion is a plant. It can grow small yellow flowers. Dandelion seeds can be blown long distances by the wind.",1118,193
mt0215,r016222,r016222,validation,0,structural_absence_candidate,has_image=0 and topic/skill missing_rate >= 0.9,,,,language science,figurative-language,1260,1.0,Recall the source of an allusion,337,1.0,grade9,Literary devices,What is the source of the allusion in the sentence below? Emma was known among her coworkers for her spartan ways.,the Bible | Greek history,1,,"An allusion is a brief mention of something or someone well known, often from mythology, history, or literature. An allusion lets you reference ideas from an entire story in just a few words. ""I'd better get home before I turn into a pumpkin!"" Lila remarked. Here, Lila alludes to the fairy tale ""Cinderella,"" in which Cinderella must leave the ball before the coach that brought her transforms into a pumpkin. The allusion shows that Lila must depart immediately.","The source of the allusion spartan is Greek history. Soldiers from the city of Sparta in ancient Greece were known for their self-restraint, self-discipline, and indifference to luxury. The allusion spartan means simple and austere.",844,138
mt0216,r013029,r013029,validation,0,ambiguous_missing_candidate,"has_image=0 and topic/skill missing_rate in [0.35, 0.65] or fallback",,,,natural science,biology,4098,0.486822840409956,"Identify mammals, birds, fish, reptiles, and amphibians",342,0.2192982456140351,grade5,Classification,Select the amphibian.,green chameleon | hammerhead shark | western toad | Banggai cardinalfish,2,,Amphibians have moist skin and begin their lives in water.,"A hammerhead shark is a fish. It lives underwater. It has fins, not limbs. Hammerhead sharks get their names from the shape of their heads. They have a wide, flat head and a small mouth. A green chameleon is a reptile. It has scaly, waterproof skin. Chameleons eat insects. They use their long, sticky tongues to catch their prey. A western toad is an amphibian. It has moist skin and begins its life in water. Toads do not have teeth! They swallow their food whole. A Banggai cardinalfish is a fish. It lives underwater. It has fins, not limbs. Cardinalfish often live near coral reefs. They are nocturnal, which means that they are active mostly at night.",819,138
mt0217,r001719,r001719,train,0,structural_absence_candidate,has_image=0 and topic/skill missing_rate >= 0.9,,,,language science,writing-strategies,1650,0.9157575757575758,Identify vague pronoun references,261,1.0,grade7,Pronouns and antecedents,Which of the following contains a vague pronoun reference?,"Mrs. Herman's phone rang just as she finished brewing Amy a cup of tea. | Just as Mrs. Herman finished brewing Amy a cup of tea, her phone rang.",1,,"When writing, make sure to avoid vague pronoun references. A vague pronoun reference occurs when a pronoun could refer to more than one possible antecedent. When Lisa and Kim finally landed, she breathed a sigh of relief. The pronoun she could refer to either Lisa or Kim, so the meaning of the sentence is unclear. Vague pronoun references can be corrected in one of two ways: 1. Replace the pronoun with its correct antecedent: When Lisa and Kim finally landed, Lisa breathed a sigh of relief. 2. Rewrite the sentence: Lisa breathed a sigh of relief when she and Kim finally landed. A vague pronoun reference also occurs when they, them, their, theirs, it, or its is used without its antecedent....","The first answer choice contains a vague pronoun reference. The pronoun her could refer to Mrs. Herman's or Amy's. Just as Mrs. Herman finished brewing Amy a cup of tea, her phone rang. The second answer choice shows a possible correction for the vague pronoun reference. The text has been rewritten so that the meaning is clear. Mrs. Herman's phone rang just as she finished brewing Amy a cup of tea.",1623,283
mt0218,r001111,r001111,train,0,structural_absence_candidate,has_image=0 and topic/skill missing_rate >= 0.9,,,,natural science,units-and-measurement,870,1.0,Choose customary units of mass,91,1.0,grade4,Units and measurement,What is the mass of a guitar?,8 tons | 8 ounces | 8 pounds,2,Select the best estimate.,"Measurements are written with both a number and a unit. The unit comes after the number. The unit shows what the number means. Mass is a measurement of how much matter something contains. There are many different units of mass. When you are using customary units, mass may be written with units of ounces, pounds, or tons. There are 16 ounces in 1 pound and 2,000 pounds in 1 ton. So, 1 ounce is less than 1 pound and much less than 1 ton. A slice of bread has a mass of about 1 ounce, while a can of beans has a mass of about 1 pound. A small car has a mass of about 1 ton.",The best estimate for the mass of a guitar is 8 pounds. 8 ounces is too light and 8 tons is too heavy.,768,157
mt0219,r014929,r014929,validation,1,observed_reference,has_image=1 reference sample for calibration,,,,natural science,biology,4098,0.486822840409956,Interpret food webs I,66,0.0,grade7,Ecological interactions,Which of the following organisms is the secondary consumer in this food web?,persimmon tree | black bear | beaver | swallowtail caterpillar,1,"Below is a food web from Shenandoah National Park, a forest ecosystem in Virginia.
A food web models how the matter eaten by organisms moves through an ecosystem. The arrows in a food web represent how matter moves between organisms in an ecosystem.","A food web is a model. A food web shows where organisms in an ecosystem get their food. Models can make things in nature easier to understand because models can represent complex things in a simpler way. If a food web showed every organism in an ecosystem, the food web would be hard to understand. So, each food web shows how some organisms in an ecosystem can get their food. Arrows show how matter moves. A food web has arrows that point from one organism to another. Each arrow shows the direction that matter moves when one organism eats another organism. An arrow starts from the organism that is eaten. The arrow points to the organism that is doing the eating. An organism in a food web ca...","Secondary consumers eat primary consumers, and primary consumers eat producers. So, in a food web, secondary consumers have arrows pointing to them from primary consumers. Primary consumers have arrows pointing to them from producers. The swallowtail caterpillar has an arrow pointing to it from the persimmon tree. The persimmon tree is not a primary consumer, so the swallowtail caterpillar is not a secondary consumer. The beaver has an arrow pointing to it from the silver maple. The silver maple is not a primary consumer, so the beaver is not a secondary consumer. The persimmon tree does not have any arrows pointing to it. So, the persimmon tree is not a secondary consumer. The black bear...",2392,415
mt0220,r001493,r001493,train,0,structural_absence_candidate,has_image=0 and topic/skill missing_rate >= 0.9,,,,natural science,chemistry,1194,0.5510887772194305,Compare physical and chemical changes,447,1.0,grade3,Physical and chemical change,What do these two changes have in common? cutting a piece of rope breaking a stick in half,Both are chemical changes. | Both are caused by cooling. | Both are caused by heating. | Both are only physical changes.,3,,"Chemical changes and physical changes are two common ways matter can change. In a chemical change, the type of matter changes. The types of matter before and after a chemical change are always different. Some chemical changes are caused by heating or cooling. For example, burning a piece of paper is a chemical change caused by heating. When paper gets hot enough, it re­acts with oxygen in the air and burns. The paper and oxygen change into ash and smoke. In a physical change, the type of matter stays the same. The types of matter before and after a physical change are always the same. A change of state is a type of physical change. Changes of state can be caused by heating or cooling. For...",Step 1: Think about each change. Cutting a piece of rope is a physical change. The rope is shorter after you cut it. But it is still made of the same type of matter as the uncut rope. Breaking a stick in half is a physical change. The stick gets broken into two pieces. But the pieces are still made of the same type of matter as the original stick. Step 2: Look at each answer choice. Both are only physical changes. Both changes are physical changes. No new matter is created. Both are chemical changes. Both changes are physical changes. They are not chemical changes. Both are caused by heating. Neither change is caused by heating. Both are caused by cooling. Neither change is caused by cool...,1982,357
mt0221,r002870,r002870,train,0,ambiguous_missing_candidate,"has_image=0 and topic/skill missing_rate in [0.35, 0.65] or fallback",,,,natural science,biology,4098,0.486822840409956,"Identify mammals, birds, fish, reptiles, and amphibians",342,0.2192982456140351,grade5,Classification,Select the fish.,spotted dolphin | western toad | Hermann's tortoise | whale shark,3,,"Fish live underwater. They have fins, not limbs.","A western toad is an amphibian. It has moist skin and begins its life in water. Toads do not have teeth! They swallow their food whole. A whale shark is a fish. It lives underwater. It has fins, not limbs. Whale sharks are the largest fish in the world! Adult whale sharks can weigh over 21 tons—as much as seven elephants! A spotted dolphin is a mammal. It has hair and feeds its young milk. Dolphins may look like sharks or other fish, but they are mammals! When a baby dolphin is born, it has hair around its jaw. This hair falls out as the dolphin grows. A Hermann's tortoise is a reptile. It has scaly, waterproof skin. A tortoise's shell protects it from predators. When a tortoise feels thr...",893,159
mt0222,r020206,r020206,test,1,observed_reference,has_image=1 reference sample for calibration,,,,natural science,physics,3215,0.3150855365474339,Compare magnitudes of magnetic forces,399,0.0,grade8,"Velocity, acceleration, and forces",Think about the magnetic force between the magnets in each pair. Which of the following statements is true?,The magnitude of the magnetic force is the same in both pairs. | The magnitude of the magnetic force is greater in Pair 1. | The magnitude of the magnetic force is greater in Pair 2.,1,"The images below show two pairs of magnets. The magnets in different pairs do not affect each other. All the magnets shown are made of the same material, but some of them are different sizes.","Magnets can pull or push on each other without touching. When magnets attract, they pull together. When magnets repel, they push apart. These pulls and pushes between magnets are called magnetic forces. The strength of a force is called its magnitude. The greater the magnitude of the magnetic force between two magnets, the more strongly the magnets attract or repel each other. You can change the magnitude of a magnetic force between two magnets by using magnets of different sizes. The magnitude of the magnetic force is greater when the magnets are larger.","The magnets in Pair 2 attract. The magnets in Pair 1 repel. But whether the magnets attract or repel affects only the direction of the magnetic force. It does not affect the magnitude of the magnetic force. Magnet sizes affect the magnitude of the magnetic force. Imagine magnets that are the same shape and made of the same material. The larger the magnets, the greater the magnitude of the magnetic force between them. Magnet A is the same size in both pairs. But Magnet B is larger in Pair 1 than in Pair 2. So, the magnitude of the magnetic force is greater in Pair 1 than in Pair 2.",1638,290
mt0223,r010933,r010933,train,0,structural_absence_candidate,has_image=0 and topic/skill missing_rate >= 0.9,,,,social science,economics,682,0.563049853372434,Costs and benefits,197,1.0,grade4,Basic economic principles,Suppose Destiny decides to watch the action movie. Which result would be a cost?,Destiny will give up the chance to watch the movie that she is more excited about. | Destiny will get to watch a movie with her sister.,0,Destiny is deciding whether to watch a comedy or an action movie. She would prefer to watch a comedy. But she also wants to watch a movie with her sister. Destiny's sister will only watch an action movie.,"Before you decide to do something, it is often helpful to list costs and benefits. Costs are what you give up or spend when you decide to do something. Costs involve giving up things that you want or need. Benefits are what you gain or save when you decide to do something. Benefits involve gaining something that you want or need.",This result is a cost. It involves giving up or spending something that Destiny wants or needs: Destiny will give up the chance to watch the movie that she is more excited about.,937,172
mt0224,r007457,r007457,train,0,accidental_missing_candidate,has_image=0 but reliable topic/skill missing_rate <= 0.2; check sparse skill stats manually,,,,social science,us-history,510,0.0843137254901961,John Deere,1,1.0,grade2,Historical figures,Complete the sentence. John Deere was a famous ().,inventor | pilot | astronaut | writer,0,,,John Deere was a famous American inventor. An inventor is someone who comes up with items or ideas that have never been made before. John Deere was born in 1804.,259,43
mt0225,r002838,r002838,train,0,ambiguous_missing_candidate,"has_image=0 and topic/skill missing_rate in [0.35, 0.65] or fallback",,,,natural science,biology,4098,0.486822840409956,"Identify mammals, birds, fish, reptiles, and amphibians",342,0.2192982456140351,grade5,Classification,Select the mammal.,Nile crocodile | cobra | green frog | humpback whale,3,,Mammals have hair or fur and feed their young milk.,"A Nile crocodile is a reptile. It has scaly, waterproof skin. Crocodiles hunt their prey in or near water. A green frog is an amphibian. It has moist skin and begins its life in water. Frogs live near water or in damp places. Most frogs lay their eggs in water. A cobra is a reptile. It has scaly, waterproof skin. Most cobras have a wide, flat hood below their head. A cobra can display its hood to scare away a predator. A humpback whale is a mammal. It has hair and feeds its young milk. Whales are mammals that live in the ocean. Humpback whales have small hairs that grow from bumps around their mouth.",739,135
